"COORD_REF_SYS_CODE","COORD_REF_SYS_NAME","DATUM_CODE","DATUM_NAME","GREENWICH_DATUM","UOM_CODE","ELLIPSOID_CODE","PRIME_MERIDIAN_CODE","SHOW_CRS","DEPRECATED","COORD_SYS_CODE","COORD_OP_CODE","COORD_OP_CODE_MULTI","COORD_OP_METHOD_CODE","DX","DY","DZ","RX","RY","RZ","DS"
3819,HD1909,1024,Hungarian Datum 1909,1024,9122,7004,8901,1,0,6422,3817,0,9607,595.48,121.69,515.35,-4.115,2.9383,-0.853,-3.408
3821,TWD67,1025,Taiwan Datum 1967,1025,9122,7050,8901,1,0,6422,,0,,,,,,,,
3824,TWD97,1026,Taiwan Datum 1997,1026,9122,7019,8901,1,0,6422,3830,0,9603,0,0,0,,,,
3889,IGRS,1029,Iraqi Geospatial Reference System,1029,9122,7019,8901,1,0,6422,3894,0,9603,0,0,0,,,,
3906,MGI 1901,1031,MGI 1901,1031,9122,7004,8901,1,0,6422,3962,1,9603,682,-203,480,,,,
4001,Unknown datum based upon the Airy 1830 ellipsoid,6001,"Not specified (based on Airy 1830 ellipsoid)",6001,9122,7001,8901,0,0,6422,,0,,,,,,,,
4002,Unknown datum based upon the Airy Modified 1849 ellipsoid,6002,"Not specified (based on Airy Modified 1849 ellipsoid)",6002,9122,7002,8901,0,0,6422,,0,,,,,,,,
4003,Unknown datum based upon the Australian National Spheroid,6003,"Not specified (based on Australian National Spheroid)",6003,9122,7003,8901,0,0,6422,,0,,,,,,,,
4004,Unknown datum based upon the Bessel 1841 ellipsoid,6004,"Not specified (based on Bessel 1841 ellipsoid)",6004,9122,7004,8901,0,0,6422,,0,,,,,,,,
4005,Unknown datum based upon the Bessel Modified ellipsoid,6005,"Not specified (based on Bessel Modified ellipsoid)",6005,9122,7005,8901,0,0,6422,,0,,,,,,,,
4006,Unknown datum based upon the Bessel Namibia ellipsoid,6006,"Not specified (based on Bessel Namibia ellipsoid)",6006,9122,7046,8901,0,0,6422,,0,,,,,,,,
4007,Unknown datum based upon the Clarke 1858 ellipsoid,6007,"Not specified (based on Clarke 1858 ellipsoid)",6007,9122,7007,8901,0,0,6422,,0,,,,,,,,
4008,Unknown datum based upon the Clarke 1866 ellipsoid,6008,"Not specified (based on Clarke 1866 ellipsoid)",6008,9122,7008,8901,0,0,6422,,0,,,,,,,,
4009,Unknown datum based upon the Clarke 1866 Michigan ellipsoid,6009,"Not specified (based on Clarke 1866 Michigan ellipsoid)",6009,9122,7009,8901,0,1,6422,,0,,,,,,,,
4010,"Unknown datum based upon the Clarke 1880 (Benoit) ellipsoid",6010,"Not specified (based on Clarke 1880 (Benoit) ellipsoid)",6010,9122,7010,8901,0,0,6422,,0,,,,,,,,
4011,"Unknown datum based upon the Clarke 1880 (IGN) ellipsoid",6011,"Not specified (based on Clarke 1880 (IGN) ellipsoid)",6011,9122,7011,8901,0,0,6422,,0,,,,,,,,
4012,"Unknown datum based upon the Clarke 1880 (RGS) ellipsoid",6012,"Not specified (based on Clarke 1880 (RGS) ellipsoid)",6012,9122,7012,8901,0,0,6422,,0,,,,,,,,
4013,"Unknown datum based upon the Clarke 1880 (Arc) ellipsoid",6013,"Not specified (based on Clarke 1880 (Arc) ellipsoid)",6013,9122,7013,8901,0,0,6422,,0,,,,,,,,
4014,"Unknown datum based upon the Clarke 1880 (SGA 1922) ellipsoid",6014,"Not specified (based on Clarke 1880 (SGA 1922) ellipsoid)",6014,9122,7014,8901,0,0,6422,,0,,,,,,,,
4015,"Unknown datum based upon the Everest 1830 (1937 Adjustment) ellipsoid",6015,"Not specified (based on Everest 1830 (1937 Adjustment) ellipsoid)",6015,9122,7015,8901,0,0,6422,,0,,,,,,,,
4016,"Unknown datum based upon the Everest 1830 (1967 Definition) ellipsoid",6016,"Not specified (based on Everest 1830 (1967 Definition) ellipsoid)",6016,9122,7016,8901,0,0,6422,,0,,,,,,,,
4018,Unknown datum based upon the Everest 1830 Modified ellipsoid,6018,"Not specified (based on Everest 1830 Modified ellipsoid)",6018,9122,7018,8901,0,0,6422,,0,,,,,,,,
4019,Unknown datum based upon the GRS 1980 ellipsoid,6019,"Not specified (based on GRS 1980 ellipsoid)",6019,9122,7019,8901,0,0,6422,,0,,,,,,,,
4020,Unknown datum based upon the Helmert 1906 ellipsoid,6020,"Not specified (based on Helmert 1906 ellipsoid)",6020,9122,7020,8901,0,0,6422,,0,,,,,,,,
4021,Unknown datum based upon the Indonesian National Spheroid,6021,"Not specified (based on Indonesian National Spheroid)",6021,9122,7021,8901,0,0,6422,,0,,,,,,,,
4022,Unknown datum based upon the International 1924 ellipsoid,6022,"Not specified (based on International 1924 ellipsoid)",6022,9122,7022,8901,0,0,6422,,0,,,,,,,,
4023,MOLDREF99,1032,MOLDREF99,1032,9122,7019,8901,1,0,6422,5585,0,9603,0,0,0,,,,
4024,Unknown datum based upon the Krassowsky 1940 ellipsoid,6024,"Not specified (based on Krassowsky 1940 ellipsoid)",6024,9122,7024,8901,0,0,6422,,0,,,,,,,,
4025,Unknown datum based upon the NWL 9D ellipsoid,6025,"Not specified (based on NWL 9D ellipsoid)",6025,9122,7025,8901,0,0,6422,,0,,,,,,,,
4027,Unknown datum based upon the Plessis 1817 ellipsoid,6027,"Not specified (based on Plessis 1817 ellipsoid)",6027,9122,7027,8901,0,0,6422,,0,,,,,,,,
4028,Unknown datum based upon the Struve 1860 ellipsoid,6028,"Not specified (based on Struve 1860 ellipsoid)",6028,9122,7028,8901,0,0,6422,,0,,,,,,,,
4029,Unknown datum based upon the War Office ellipsoid,6029,"Not specified (based on War Office ellipsoid)",6029,9122,7029,8901,0,0,6422,,0,,,,,,,,
4030,Unknown datum based upon the WGS 84 ellipsoid,6030,"Not specified (based on WGS 84 ellipsoid)",6030,9122,7030,8901,0,0,6422,,0,,,,,,,,
4031,Unknown datum based upon the GEM 10C ellipsoid,6031,"Not specified (based on GEM 10C ellipsoid)",6031,9122,7031,8901,0,0,6422,,0,,,,,,,,
4032,Unknown datum based upon the OSU86F ellipsoid,6032,"Not specified (based on OSU86F ellipsoid)",6032,9122,7032,8901,0,0,6422,,0,,,,,,,,
4033,Unknown datum based upon the OSU91A ellipsoid,6033,"Not specified (based on OSU91A ellipsoid)",6033,9122,7033,8901,0,0,6422,,0,,,,,,,,
4034,Unknown datum based upon the Clarke 1880 ellipsoid,6034,"Not specified (based on Clarke 1880 ellipsoid)",6034,9122,7034,8901,0,0,6422,,0,,,,,,,,
4035,Unknown datum based upon the Authalic Sphere,6035,"Not specified (based on Authalic Sphere)",6035,9108,7035,8901,0,1,6402,,0,,,,,,,,
4036,Unknown datum based upon the GRS 1967 ellipsoid,6036,"Not specified (based on GRS 1967 ellipsoid)",6036,9122,7036,8901,0,0,6422,,0,,,,,,,,
4041,Unknown datum based upon the Average Terrestrial System 1977 ellipsoid,6041,"Not specified (based on Average Terrestrial System 1977 ellipsoid)",6041,9122,7041,8901,0,0,6422,,0,,,,,,,,
4042,"Unknown datum based upon the Everest (1830 Definition) ellipsoid",6042,"Not specified (based on Everest (1830 Definition) ellipsoid)",6042,9122,7042,8901,0,0,6422,,0,,,,,,,,
4043,Unknown datum based upon the WGS 72 ellipsoid,6043,"Not specified (based on WGS 72 ellipsoid)",6043,9122,7043,8901,0,0,6422,,0,,,,,,,,
4044,"Unknown datum based upon the Everest 1830 (1962 Definition) ellipsoid",6044,"Not specified (based on Everest 1830 (1962 Definition) ellipsoid)",6044,9122,7044,8901,0,0,6422,,0,,,,,,,,
4045,"Unknown datum based upon the Everest 1830 (1975 Definition) ellipsoid",6045,"Not specified (based on Everest 1830 (1975 Definition) ellipsoid)",6045,9122,7045,8901,0,0,6422,,0,,,,,,,,
4046,RGRDC 2005,1033,Reseau Geodesique de la RDC 2005,1033,9122,7019,8901,1,0,6422,4064,0,9603,0,0,0,,,,
4047,Unspecified datum based upon the GRS 1980 Authalic Sphere,6047,"Not specified (based on GRS 1980 Authalic Sphere)",6047,9122,7048,8901,0,0,6422,,0,,,,,,,,
4052,Unspecified datum based upon the Clarke 1866 Authalic Sphere,6052,"Not specified (based on Clarke 1866 Authalic Sphere)",6052,9122,7052,8901,0,0,6422,,0,,,,,,,,
4053,Unspecified datum based upon the International 1924 Authalic Sphere,6053,"Not specified (based on International 1924 Authalic Sphere)",6053,9122,7057,8901,0,0,6422,,0,,,,,,,,
4054,Unspecified datum based upon the Hughes 1980 ellipsoid,6054,"Not specified (based on Hughes 1980 ellipsoid)",6054,9122,7058,8901,0,0,6422,,0,,,,,,,,
4055,Popular Visualisation CRS,6055,Popular Visualisation Datum,6055,9122,7059,8901,1,1,6422,15973,0,9603,0,0,0,,,,
4075,SREF98,1034,Serbian Reference Network 1998,1034,9122,7019,8901,1,0,6422,4077,0,9603,0,0,0,,,,
4081,REGCAN95,1035,Red Geodesica de Canarias 1995,1035,9122,7019,8901,1,0,6422,4084,0,9603,0,0,0,,,,
4120,Greek,6120,Greek,6120,9122,7004,8901,1,0,6422,,0,,,,,,,,
4121,GGRS87,6121,Greek Geodetic Reference System 1987,6121,9122,7019,8901,1,0,6422,1272,0,9603,-199.87,74.79,246.62,,,,
4122,ATS77,6122,Average Terrestrial System 1977,6122,9122,7041,8901,1,0,6422,,0,,,,,,,,
4123,KKJ,6123,"Kartastokoordinaattijarjestelma (1966)",6123,9122,7022,8901,1,0,6422,10099,1,9607,-96.062,-82.428,-121.753,-4.801,-0.345,1.376,1.496
4124,RT90,6124,Rikets koordinatsystem 1990,6124,9122,7004,8901,1,0,6422,1896,1,9607,414.1,41.3,603.1,0.855,-2.141,7.023,0
4125,Samboja,6125,Samboja,6125,9108,7004,8901,1,1,6402,1282,0,9603,-404.78,685.68,45.47,,,,
4126,"LKS94 (ETRS89)",6126,"Lithuania 1994 (ETRS89)",6126,9108,7019,8901,1,1,6402,,0,,,,,,,,
4127,Tete,6127,Tete,6127,9122,7008,8901,1,0,6422,6901,1,9603,-80,-100,-228,,,,
4128,Madzansua,6128,Madzansua,6128,9122,7008,8901,1,0,6422,,0,,,,,,,,
4129,Observatario,6129,Observatario,6129,9122,7008,8901,1,0,6422,6900,0,9603,-132,-110,-335,,,,
4130,Moznet,6130,"Moznet (ITRF94)",6130,9122,7030,8901,1,0,6422,1302,0,9607,0,0,0,0,0,0,0
4131,Indian 1960,6131,Indian 1960,6131,9122,7015,8901,1,0,6422,1542,1,9603,198,881,317,,,,
4132,FD58,6132,Final Datum 1958,6132,9122,7012,8901,1,0,6422,1513,1,9603,-241.54,-163.64,396.06,,,,
4133,EST92,6133,Estonia 1992,6133,9122,7019,8901,1,0,6422,1333,0,9607,0.055,-0.541,-0.185,-0.0183,0.0003,0.007,-0.014
4134,PSD93,6134,PDO Survey Datum 1993,6134,9122,7012,8901,1,0,6422,1439,1,9606,-180.624,-225.516,173.919,-0.81,-1.898,8.336,16.71006
4135,Old Hawaiian,6135,Old Hawaiian,6135,9122,7008,8901,1,0,6422,15824,1,9603,61,-285,-181,,,,
4136,St. Lawrence Island,6136,St. Lawrence Island,6136,9122,7008,8901,1,0,6422,,0,,,,,,,,
4137,St. Paul Island,6137,St. Paul Island,6137,9122,7008,8901,1,0,6422,,0,,,,,,,,
4138,St. George Island,6138,St. George Island,6138,9122,7008,8901,1,0,6422,,0,,,,,,,,
4139,Puerto Rico,6139,Puerto Rico,6139,9122,7008,8901,1,0,6422,1893,0,9603,11,72,-101,,,,
4140,"NAD83(CSRS98)",6140,NAD83 Canadian Spatial Reference System,6140,9108,7019,8901,1,1,6402,1473,0,9603,0,0,0,,,,
4141,Israel 1993,6141,Israel 1993,6141,9122,7019,8901,1,0,6422,1073,0,9603,-48,55,52,,,,
4142,Locodjo 1965,6142,Locodjo 1965,6142,9122,7012,8901,1,0,6422,1469,0,9603,-125,53,467,,,,
4143,Abidjan 1987,6143,Abidjan 1987,6143,9122,7012,8901,1,0,6422,1470,1,9603,-124.76,53,466.79,,,,
4144,Kalianpur 1937,6144,Kalianpur 1937,6144,9122,7015,8901,1,0,6422,1533,1,9603,214,804,268,,,,
4145,Kalianpur 1962,6145,Kalianpur 1962,6145,9122,7044,8901,1,0,6422,1247,1,9603,283,682,231,,,,
4146,Kalianpur 1975,6146,Kalianpur 1975,6146,9122,7045,8901,1,0,6422,1156,0,9603,295,736,257,,,,
4147,Hanoi 1972,6147,Hanoi 1972,6147,9122,7024,8901,1,0,6422,1544,0,9603,-17.51,-108.32,-62.39,,,,
4148,Hartebeesthoek94,6148,Hartebeesthoek94,6148,9122,7030,8901,1,0,6422,1505,0,9603,0,0,0,,,,
4149,CH1903,6149,CH1903,6149,9122,7004,8901,1,0,6422,1510,1,9603,674.374,15.056,405.346,,,,
4150,"CH1903+",6150,"CH1903+",6150,9122,7004,8901,1,0,6422,1676,0,9603,674.374,15.056,405.346,,,,
4151,CHTRF95,6151,Swiss Terrestrial Reference Frame 1995,6151,9122,7019,8901,1,0,6422,1511,0,9603,0,0,0,,,,
4152,"NAD83(HARN)",6152,"NAD83 (High Accuracy Reference Network)",6152,9122,7019,8901,1,0,6422,1580,1,9603,0,0,0,,,,
4153,Rassadiran,6153,Rassadiran,6153,9122,7022,8901,1,0,6422,1512,0,9603,-133.63,-157.5,-158.62,,,,
4154,"ED50(ED77)",6154,"European Datum 1950(1977)",6154,9122,7022,8901,1,0,6422,1141,1,9603,-117,-132,-164,,,,
4155,Dabola 1981,6155,Dabola 1981,6155,9122,7011,8901,1,0,6422,1518,0,9603,-83,37,124,,,,
4156,S-JTSK,6156,System Jednotne Trigonometricke Site Katastralni,6156,9122,7004,8901,1,0,6422,15965,1,9603,589,76,480,,,,
4157,Mount Dillon,6157,Mount Dillon,6157,9122,7007,8901,1,0,6422,,0,,,,,,,,
4158,Naparima 1955,6158,Naparima 1955,6158,9122,7022,8901,1,0,6422,1555,1,9603,-0.465,372.095,171.736,,,,
4159,ELD79,6159,European Libyan Datum 1979,6159,9122,7022,8901,1,0,6422,15909,1,9603,-115.8543,-99.0583,-152.4616,,,,
4160,Chos Malal 1914,6160,Chos Malal 1914,6160,9122,7022,8901,1,0,6422,,0,,,,,,,,
4161,Pampa del Castillo,6161,Pampa del Castillo,6161,9122,7022,8901,1,0,6422,15845,0,9603,27.5,14,186.4,,,,
4162,Korean 1985,6162,Korean Datum 1985,6162,9122,7004,8901,1,0,6422,,0,,,,,,,,
4163,Yemen NGN96,6163,Yemen National Geodetic Network 1996,6163,9122,7030,8901,1,0,6422,1540,0,9603,0,0,0,,,,
4164,South Yemen,6164,South Yemen,6164,9122,7024,8901,1,0,6422,1682,0,9603,-76,-138,67,,,,
4165,Bissau,6165,Bissau,6165,9122,7022,8901,1,0,6422,1547,0,9603,-173,253,27,,,,
4166,Korean 1995,6166,Korean Datum 1995,6166,9122,7030,8901,1,0,6422,1558,0,9603,0,0,0,,,,
4167,NZGD2000,6167,New Zealand Geodetic Datum 2000,6167,9122,7019,8901,1,0,6422,1565,0,9603,0,0,0,,,,
4168,Accra,6168,Accra,6168,9122,7029,8901,1,0,6422,1569,1,9603,-199,32,322,,,,
4169,American Samoa 1962,6169,American Samoa 1962,6169,9122,7008,8901,1,0,6422,1577,0,9603,-115,118,426,,,,
4170,SIRGAS 1995,6170,Sistema de Referencia Geocentrico para America del Sur 1995,6170,9122,7019,8901,1,0,6422,1581,0,9603,0,0,0,,,,
4171,RGF93,6171,Reseau Geodesique Francais 1993,6171,9122,7019,8901,1,0,6422,1671,0,9603,0,0,0,,,,
4172,POSGAR,6172,Posiciones Geodesicas Argentinas,6172,9108,7019,8901,1,1,6402,1598,0,9603,0,0,0,,,,
4173,IRENET95,6173,IRENET95,6173,9122,7019,8901,1,0,6422,1678,0,9603,0,0,0,,,,
4174,Sierra Leone 1924,6174,Sierra Leone Colony 1924,6174,9122,7029,8901,1,0,6422,,0,,,,,,,,
4175,Sierra Leone 1968,6175,Sierra Leone 1968,6175,9122,7012,8901,1,0,6422,1614,0,9603,-88,4,101,,,,
4176,Australian Antarctic,6176,Australian Antarctic Datum 1998,6176,9122,7019,8901,1,0,6422,1890,0,9603,0,0,0,,,,
4178,"Pulkovo 1942(83)",6178,"Pulkovo 1942(83)",6178,9122,7024,8901,1,0,6422,15998,1,9603,26,-121,-78,,,,
4179,"Pulkovo 1942(58)",6179,"Pulkovo 1942(58)",6179,9122,7024,8901,1,0,6422,1645,1,9606,33.4,-146.6,-76.3,-0.359,-0.053,0.844,-0.84
4180,EST97,6180,Estonia 1997,6180,9122,7019,8901,1,0,6422,1649,0,9603,0,0,0,,,,
4181,Luxembourg 1930,6181,Luxembourg 1930,6181,9122,7022,8901,1,0,6422,5486,1,9607,-189.6806,18.3463,-42.7695,0.33746,3.09264,-2.53861,0.4598
4182,Azores Occidental 1939,6182,Azores Occidental Islands 1939,6182,9122,7022,8901,1,0,6422,1887,1,9603,-425,-169,81,,,,
4183,Azores Central 1948,6183,Azores Central Islands 1948,6183,9122,7022,8901,1,0,6422,1886,0,9603,-104,167,-38,,,,
4184,Azores Oriental 1940,6184,Azores Oriental Islands 1940,6184,9122,7022,8901,1,0,6422,1885,0,9603,-203,141,53,,,,
4185,Madeira 1936,6185,Madeira 1936,6185,9108,7022,8901,1,1,6402,,0,,,,,,,,
4188,OSNI 1952,6188,OSNI 1952,6188,9122,7001,8901,1,0,6422,1955,0,9606,482.5,-130.6,564.6,-1.042,-0.214,-0.631,8.15
4189,REGVEN,6189,Red Geodesica Venezolana,6189,9122,7019,8901,1,0,6422,1768,0,9603,0,0,0,,,,
4190,POSGAR 98,6190,Posiciones Geodesicas Argentinas 1998,6190,9122,7019,8901,1,0,6422,1773,1,9603,0,0,0,,,,
4191,Albanian 1987,6191,Albanian 1987,6191,9122,7024,8901,1,0,6422,7834,1,9607,-44.183,-0.58,-38.489,-2.3867,-2.7072,3.5196,-8.2703
4192,Douala 1948,6192,Douala 1948,6192,9122,7022,8901,1,0,6422,15873,0,9603,-206.1,-174.7,-87.7,,,,
4193,Manoca 1962,6193,Manoca 1962,6193,9122,7011,8901,1,0,6422,1796,0,9603,-70.9,-151.8,-41.4,,,,
4194,Qornoq 1927,6194,Qornoq 1927,6194,9122,7022,8901,1,0,6422,1797,1,9603,164,138,-189,,,,
4195,Scoresbysund 1952,6195,Scoresbysund 1952,6195,9122,7022,8901,1,0,6422,1799,0,9606,105,326,-102.5,0,0,0.814,-0.6
4196,Ammassalik 1958,6196,Ammassalik 1958,6196,9122,7022,8901,1,0,6422,1800,0,9606,-45,417,-3.5,0,0,0.814,-0.6
4197,Garoua,6197,Garoua,6197,9122,7012,8901,1,0,6422,,0,,,,,,,,
4198,Kousseri,6198,Kousseri,6198,9122,7012,8901,1,0,6422,,0,,,,,,,,
4199,Egypt 1930,6199,Egypt 1930,6199,9122,7022,8901,1,0,6422,,0,,,,,,,,
4200,Pulkovo 1995,6200,Pulkovo 1995,6200,9122,7024,8901,1,0,6422,5043,1,9607,24.47,-130.89,-81.56,0,0,-0.13,-0.22
4201,Adindan,6201,Adindan,6201,9122,7012,8901,1,0,6422,1100,1,9603,-166,-15,204,,,,
4202,AGD66,6202,Australian Geodetic Datum 1966,6202,9122,7003,8901,1,0,6422,15980,1,9607,-117.808,-51.536,137.784,-0.303,-0.446,-0.234,-0.29
4203,AGD84,6203,Australian Geodetic Datum 1984,6203,9122,7003,8901,1,0,6422,1109,1,9603,-134,-48,149,,,,
4204,Ain el Abd,6204,Ain el Abd 1970,6204,9122,7022,8901,1,0,6422,1111,1,9603,-143,-236,7,,,,
4205,Afgooye,6205,Afgooye,6205,9122,7024,8901,1,0,6422,1107,0,9603,-43,-163,45,,,,
4206,Agadez,6206,Agadez,6206,9122,7011,8901,1,0,6422,,0,,,,,,,,
4207,Lisbon,6207,Lisbon 1937,6207,9122,7022,8901,1,0,6422,1984,1,9603,-304.046,-60.576,103.64,,,,
4208,Aratu,6208,Aratu,6208,9122,7022,8901,1,0,6422,5067,1,9603,-151.99,287.04,-147.45,,,,
4209,Arc 1950,6209,Arc 1950,6209,9122,7013,8901,1,0,6422,1113,1,9603,-143,-90,-294,,,,
4210,Arc 1960,6210,Arc 1960,6210,9122,7012,8901,1,0,6422,1122,1,9603,-160,-6,-302,,,,
4211,Batavia,6211,Batavia,6211,9122,7004,8901,1,0,6422,1123,1,9603,-377,681,-50,,,,
4212,Barbados 1938,6212,Barbados 1938,6212,9122,7012,8901,1,0,6422,15793,0,9603,31.95,300.99,419.19,,,,
4213,Beduaram,6213,Beduaram,6213,9122,7011,8901,1,0,6422,15849,0,9603,-106,-87,188,,,,
4214,Beijing 1954,6214,Beijing 1954,6214,9122,7024,8901,1,0,6422,15921,1,9603,15.8,-154.4,-82.3,,,,
4215,Belge 1950,6215,Reseau National Belge 1950,6215,9122,7022,8901,1,0,6422,,0,,,,,,,,
4216,Bermuda 1957,6216,Bermuda 1957,6216,9122,7008,8901,1,0,6422,1124,1,9603,-73,213,296,,,,
4218,Bogota 1975,6218,Bogota 1975,6218,9122,7022,8901,1,0,6422,1125,1,9603,307,304,-318,,,,
4219,Bukit Rimpah,6219,Bukit Rimpah,6219,9122,7004,8901,1,0,6422,1126,0,9603,-384,664,-48,,,,
4220,Camacupa,6220,Camacupa,6220,9122,7012,8901,1,0,6422,1327,1,9603,-50.9,-347.6,-231,,,,
4221,Campo Inchauspe,6221,Campo Inchauspe,6221,9122,7022,8901,1,0,6422,1127,1,9603,-148,136,90,,,,
4222,Cape,6222,Cape,6222,9122,7013,8901,1,0,6422,1128,1,9603,-136,-108,-292,,,,
4223,Carthage,6223,Carthage,6223,9122,7011,8901,1,0,6422,1130,1,9603,-263,6,431,,,,
4224,Chua,6224,Chua,6224,9122,7022,8901,1,0,6422,3972,1,9603,-143.87,243.37,-33.52,,,,
4225,Corrego Alegre 1970-72,6225,Corrego Alegre 1970-72,6225,9122,7022,8901,1,0,6422,6192,1,9603,-205.57,168.77,-4.12,,,,
4226,"Cote d'Ivoire",6226,"Cote d'Ivoire",6226,9108,7011,8901,1,1,6402,,0,,,,,,,,
4227,Deir ez Zor,6227,Deir ez Zor,6227,9122,7011,8901,1,0,6422,15742,1,9603,-190.421,8.532,238.69,,,,
4228,Douala,6228,Douala,6228,9108,7011,8901,1,1,6402,,0,,,,,,,,
4229,Egypt 1907,6229,Egypt 1907,6229,9122,7020,8901,1,0,6422,1148,1,9603,-130,110,-13,,,,
4230,ED50,6230,European Datum 1950,6230,9122,7022,8901,1,0,6422,1133,1,9603,-87,-98,-121,,,,
4231,ED87,6231,European Datum 1987,6231,9122,7022,8901,1,0,6422,3905,1,9606,-83.11,-97.38,-117.22,0.005693,-0.044698,0.044285,0.1218
4232,Fahud,6232,Fahud,6232,9122,7012,8901,1,0,6422,1438,1,9606,-333.102,-11.02,230.69,0,0,0.554,0.219
4233,Gandajika 1970,6233,Gandajika 1970,6233,9122,7022,8901,1,1,6422,1894,0,9603,-133,-321,50,,,,
4234,Garoua,6234,Garoua,6234,9108,7011,8901,1,1,6402,,0,,,,,,,,
4235,Guyane Francaise,6235,Guyane Francaise,6235,9108,7022,8901,1,1,6402,,0,,,,,,,,
4236,Hu Tzu Shan 1950,6236,Hu Tzu Shan 1950,6236,9122,7022,8901,1,0,6422,1152,0,9603,-637,-549,-203,,,,
4237,HD72,6237,Hungarian Datum 1972,6237,9122,7036,8901,1,0,6422,1242,1,9603,52.17,-71.82,-14.9,,,,
4238,ID74,6238,Indonesian Datum 1974,6238,9122,7021,8901,1,0,6422,1248,1,9603,-24,-15,5,,,,
4239,Indian 1954,6239,Indian 1954,6239,9122,7015,8901,1,0,6422,1153,0,9603,217,823,299,,,,
4240,Indian 1975,6240,Indian 1975,6240,9122,7015,8901,1,0,6422,1304,1,9603,210,814,289,,,,
4241,Jamaica 1875,6241,Jamaica 1875,6241,9122,7034,8901,1,0,6422,,0,,,,,,,,
4242,JAD69,6242,Jamaica 1969,6242,9122,7008,8901,1,0,6422,1084,1,9603,70,207,389.5,,,,
4243,Kalianpur 1880,6243,Kalianpur 1880,6243,9122,7042,8901,1,0,6422,,0,,,,,,,,
4244,Kandawala,6244,Kandawala,6244,9122,7015,8901,1,0,6422,1157,0,9603,-97,787,86,,,,
4245,Kertau 1968,6245,Kertau 1968,6245,9122,7018,8901,1,0,6422,1158,0,9603,-11,851,5,,,,
4246,KOC,6246,Kuwait Oil Company,6246,9122,7012,8901,1,0,6422,1059,0,9603,-294.7,-200.1,525.5,,,,
4247,La Canoa,6247,La Canoa,6247,9122,7022,8901,1,0,6422,1516,0,9603,-273.5,110.6,-357.9,,,,
4248,PSAD56,6248,Provisional South American Datum 1956,6248,9122,7022,8901,1,0,6422,1201,1,9603,-288,175,-376,,,,
4249,Lake,6249,Lake,6249,9122,7022,8901,1,0,6422,,0,,,,,,,,
4250,Leigon,6250,Leigon,6250,9122,7012,8901,1,0,6422,1159,0,9603,-130,29,364,,,,
4251,Liberia 1964,6251,Liberia 1964,6251,9122,7012,8901,1,0,6422,1160,0,9603,-90,40,88,,,,
4252,Lome,6252,Lome,6252,9122,7011,8901,1,0,6422,,0,,,,,,,,
4253,Luzon 1911,6253,Luzon 1911,6253,9122,7008,8901,1,0,6422,1161,1,9603,-133,-77,-51,,,,
4254,Hito XVIII 1963,6254,Hito XVIII 1963,6254,9122,7022,8901,1,0,6422,1892,1,9603,16,196,93,,,,
4255,Herat North,6255,Herat North,6255,9122,7022,8901,1,0,6422,1246,0,9603,-333,-222,114,,,,
4256,Mahe 1971,6256,Mahe 1971,6256,9122,7012,8901,1,0,6422,1164,0,9603,41,-220,-134,,,,
4257,Makassar,6257,Makassar,6257,9122,7004,8901,1,0,6422,1837,0,9603,-587.8,519.75,145.76,,,,
4258,ETRS89,6258,European Terrestrial Reference System 1989,6258,9122,7019,8901,1,0,6422,1149,1,9603,0,0,0,,,,
4259,Malongo 1987,6259,Malongo 1987,6259,9122,7022,8901,1,0,6422,1557,1,9603,-254.1,-5.36,-100.29,,,,
4260,Manoca,6260,Manoca,6260,9108,7012,8901,1,1,6402,1316,0,9603,-70.9,-151.8,-41.4,,,,
4261,Merchich,6261,Merchich,6261,9122,7011,8901,1,0,6422,1166,0,9603,31,146,47,,,,
4262,Massawa,6262,Massawa,6262,9122,7004,8901,1,0,6422,1165,0,9603,639,405,60,,,,
4263,Minna,6263,Minna,6263,9122,7012,8901,1,0,6422,1168,1,9603,-92,-93,122,,,,
4264,Mhast,6264,Mhast,6264,9122,7022,8901,1,1,6422,1329,0,9603,-252.95,-4.11,-96.38,,,,
4265,Monte Mario,6265,Monte Mario,6265,9122,7022,8901,1,0,6422,1660,1,9606,-104.1,-49.1,-9.9,0.971,-2.917,0.714,-11.68
4266,"M'poraloko",6266,"M'poraloko",6266,9122,7011,8901,1,0,6422,1163,1,9603,-74,-130,42,,,,
4267,NAD27,6267,North American Datum 1927,6267,9122,7008,8901,1,0,6422,,0,,,,,,,,
4268,NAD27 Michigan,6268,NAD27 Michigan,6268,9122,7009,8901,1,1,6422,,0,,,,,,,,
4269,NAD83,6269,North American Datum 1983,6269,9122,7019,8901,1,0,6422,1188,1,9603,0,0,0,,,,
4270,Nahrwan 1967,6270,Nahrwan 1967,6270,9122,7012,8901,1,0,6422,1191,1,9603,-249,-156,381,,,,
4271,Naparima 1972,6271,Naparima 1972,6271,9122,7022,8901,1,0,6422,1192,1,9603,-10,375,165,,,,
4272,NZGD49,6272,New Zealand Geodetic Datum 1949,6272,9122,7022,8901,1,0,6422,1564,1,9607,59.47,-5.04,187.44,-0.47,0.1,-1.024,-4.5993
4273,NGO 1948,6273,NGO 1948,6273,9122,7005,8901,1,0,6422,1654,0,9606,278.3,93,474.5,7.889,0.05,-6.61,6.21
4274,Datum 73,6274,Datum 73,6274,9122,7022,8901,1,0,6422,1983,1,9603,-223.237,110.193,36.649,,,,
4275,NTF,6275,Nouvelle Triangulation Francaise,6275,9122,7011,8901,1,0,6422,1193,0,9603,-168,-60,320,,,,
4276,NSWC 9Z-2,6276,NSWC 9Z-2,6276,9122,7025,8901,1,0,6422,,0,,,,,,,,
4277,OSGB 1936,6277,OSGB 1936,6277,9122,7001,8901,1,0,6422,1314,1,9606,446.448,-125.157,542.06,0.15,0.247,0.842,-20.489
4278,OSGB70,6278,"OSGB 1970 (SN)",6278,9122,7001,8901,1,0,6422,,0,,,,,,,,
4279,"OS(SN)80",6279,"OS (SN) 1980",6279,9122,7001,8901,1,0,6422,,0,,,,,,,,
4280,Padang,6280,Padang 1884,6280,9122,7004,8901,1,0,6422,,0,,,,,,,,
4281,Palestine 1923,6281,Palestine 1923,6281,9122,7010,8901,1,0,6422,1074,0,9606,-275.7224,94.7824,340.8944,-8.001,-4.42,-11.821,1
4282,Pointe Noire,6282,Congo 1960 Pointe Noire,6282,9122,7011,8901,1,0,6422,1200,1,9603,-148,51,-291,,,,
4283,GDA94,6283,Geocentric Datum of Australia 1994,6283,9122,7019,8901,1,0,6422,1150,0,9603,0,0,0,,,,
4284,Pulkovo 1942,6284,Pulkovo 1942,6284,9122,7024,8901,1,0,6422,1267,1,9607,23.92,-141.27,-80.9,0,-0.35,-0.82,-0.12
4285,Qatar 1974,6285,Qatar 1974,6285,9122,7022,8901,1,0,6422,1562,1,9603,-128.16,-282.42,21.93,,,,
4286,Qatar 1948,6286,Qatar 1948,6286,9122,7020,8901,1,0,6422,,0,,,,,,,,
4287,Qornoq,6287,Qornoq,6287,9108,7022,8901,1,1,6402,1211,0,9603,164,138,-189,,,,
4288,Loma Quintana,6288,Loma Quintana,6288,9122,7022,8901,1,0,6422,,0,,,,,,,,
4289,Amersfoort,6289,Amersfoort,6289,9122,7004,8901,1,0,6422,15934,1,9607,565.2369,50.0087,465.658,0.406857,-0.350733,1.87035,4.0812
4291,SAD69,6291,South American Datum 1969,6291,9108,7036,8901,1,1,6402,1212,1,9603,-57,1,-41,,,,
4292,Sapper Hill 1943,6292,Sapper Hill 1943,6292,9122,7022,8901,1,0,6422,1225,0,9603,-355,21,72,,,,
4293,Schwarzeck,6293,Schwarzeck,6293,9122,7046,8901,1,0,6422,1226,1,9603,616,97,-251,,,,
4294,Segora,6294,Segora,6294,9108,7004,8901,1,1,6402,1286,1,9603,-403,684,41,,,,
4295,Serindung,6295,Serindung,6295,9122,7004,8901,1,0,6422,,0,,,,,,,,
4296,Sudan,6296,Sudan,6296,9108,7011,8901,1,1,6402,,0,,,,,,,,
4297,Tananarive,6297,Tananarive 1925,6297,9122,7022,8901,1,0,6422,1227,1,9603,-189,-242,-91,,,,
4298,Timbalai 1948,6298,Timbalai 1948,6298,9122,7016,8901,1,0,6422,1228,1,9603,-679,669,-48,,,,
4299,TM65,6299,TM65,6299,9122,7002,8901,1,0,6422,1641,1,9606,482.5,-130.6,564.6,-1.042,-0.214,-0.631,8.15
4300,TM75,6300,Geodetic Datum of 1965,6300,9122,7002,8901,1,0,6422,1954,1,9606,482.5,-130.6,564.6,-1.042,-0.214,-0.631,8.15
4301,Tokyo,6301,Tokyo,6301,9122,7004,8901,1,0,6422,15484,1,9603,-146.414,507.337,680.507,,,,
4302,Trinidad 1903,6302,Trinidad 1903,6302,9122,7007,8901,1,0,6422,1296,1,9603,-61.702,284.488,472.052,,,,
4303,"TC(1948)",6303,Trucial Coast 1948,6303,9122,7020,8901,1,0,6422,,0,,,,,,,,
4304,Voirol 1875,6304,Voirol 1875,6304,9122,7011,8901,1,0,6422,1294,0,9603,-73,-247,227,,,,
4306,Bern 1938,6306,Bern 1938,6306,9122,7004,8901,1,0,6422,,0,,,,,,,,
4307,Nord Sahara 1959,6307,Nord Sahara 1959,6307,9122,7012,8901,1,0,6422,5660,1,9606,-209.3622,-87.8162,404.6198,0.0046,3.4784,0.5805,-1.4547
4308,RT38,6308,Stockholm 1938,6308,9122,7004,8901,1,0,6422,,0,,,,,,,,
4309,Yacare,6309,Yacare,6309,9122,7022,8901,1,0,6422,1234,1,9603,-155,171,37,,,,
4310,Yoff,6310,Yoff,6310,9122,7011,8901,1,0,6422,6903,0,9603,-30,190,89,,,,
4311,Zanderij,6311,Zanderij,6311,9122,7022,8901,1,0,6422,1235,0,9603,-265,120,-358,,,,
4312,MGI,6312,Militar-Geographische Institut,6312,9122,7004,8901,1,0,6422,1618,1,9606,577.326,90.129,463.919,5.137,1.474,5.297,2.4232
4313,Belge 1972,6313,Reseau National Belge 1972,6313,9122,7022,8901,1,0,6422,15929,1,9607,-106.8686,52.2978,-103.7239,-0.3366,0.457,-1.8422,-1.2747
4314,DHDN,6314,Deutsches Hauptdreiecksnetz,6314,9122,7004,8901,1,0,6422,1777,1,9606,598.1,73.7,418.2,0.202,0.045,-2.455,6.7
4315,Conakry 1905,6315,Conakry 1905,6315,9122,7011,8901,1,0,6422,1517,0,9603,-23,259,-9,,,,
4316,Dealul Piscului 1930,6316,Dealul Piscului 1930,6316,9122,7022,8901,1,0,6422,1995,1,9603,103.25,-100.4,-307.19,,,,
4317,Dealul Piscului 1970,6317,Dealul Piscului 1970,6317,9122,7024,8901,1,1,6422,1097,1,9603,28,-121,-77,,,,
4318,NGN,6318,National Geodetic Network,6318,9122,7030,8901,1,0,6422,1060,0,9603,-3.2,-5.7,2.8,,,,
4319,KUDAMS,6319,Kuwait Utility,6319,9122,7019,8901,1,0,6422,1061,1,9603,-20.8,11.3,2.4,,,,
4322,WGS 72,6322,World Geodetic System 1972,6322,9122,7043,8901,1,0,6422,1237,1,9606,0,0,4.5,0,0,0.554,0.2263
4324,WGS 72BE,6324,WGS 72 Transit Broadcast Ephemeris,6324,9122,7043,8901,1,0,6422,1240,0,9606,0,0,1.9,0,0,0.814,-0.38
4326,WGS 84,6326,World Geodetic System 1984,6326,9122,7030,8901,1,0,6422,,0,,,,,,,,
4463,RGSPM06,1038,Reseau Geodesique de Saint Pierre et Miquelon 2006,1038,9122,7019,8901,1,0,6422,4477,0,9603,0,0,0,,,,
4470,RGM04,1036,Reseau Geodesique de Mayotte 2004,1036,9122,7019,8901,1,0,6422,4476,0,9603,0,0,0,,,,
4475,Cadastre 1997,1037,Cadastre 1997,1037,9122,7022,8901,1,0,6422,4290,0,9603,-381.788,-57.501,-256.673,,,,
4483,Mexico ITRF92,1042,Mexico ITRF92,1042,9122,7019,8901,1,0,6422,4832,0,9603,0,0,0,,,,
4490,China Geodetic Coordinate System 2000,1043,China 2000,1043,9122,1024,8901,1,0,6422,,0,,,,,,,,
4555,New Beijing,1045,New Beijing,1045,9122,7024,8901,1,0,6422,,0,,,,,,,,
4558,RRAF 1991,1047,Reseau de Reference des Antilles Francaises 1991,1047,9122,7019,8901,1,0,6422,4560,0,9603,0,0,0,,,,
4600,Anguilla 1957,6600,Anguilla 1957,6600,9122,7012,8901,1,0,6422,,0,,,,,,,,
4601,Antigua 1943,6601,Antigua 1943,6601,9122,7012,8901,1,0,6422,1441,1,9603,-255,-15,71,,,,
4602,Dominica 1945,6602,Dominica 1945,6602,9122,7012,8901,1,0,6422,1442,0,9603,725,685,536,,,,
4603,Grenada 1953,6603,Grenada 1953,6603,9122,7012,8901,1,0,6422,1443,0,9603,72,213.7,93,,,,
4604,Montserrat 1958,6604,Montserrat 1958,6604,9122,7012,8901,1,0,6422,1444,0,9603,174,359,365,,,,
4605,St. Kitts 1955,6605,St. Kitts 1955,6605,9122,7012,8901,1,0,6422,1445,1,9603,9,183,236,,,,
4606,St. Lucia 1955,6606,St. Lucia 1955,6606,9122,7012,8901,1,0,6422,1446,1,9603,-149,128,296,,,,
4607,St. Vincent 1945,6607,St. Vincent 1945,6607,9122,7012,8901,1,0,6422,1959,0,9603,195.671,332.517,274.607,,,,
4608,"NAD27(76)",6608,"North American Datum 1927 (1976)",6608,9122,7008,8901,1,0,6422,,0,,,,,,,,
4609,"NAD27(CGQ77)",6609,"North American Datum 1927 (CGQ77)",6609,9122,7008,8901,1,0,6422,,0,,,,,,,,
4610,Xian 1980,6610,Xian 1980,6610,9122,7049,8901,1,0,6422,,0,,,,,,,,
4611,Hong Kong 1980,6611,Hong Kong 1980,6611,9122,7022,8901,1,0,6422,1825,0,9606,-162.619,-276.959,-161.764,0.067753,-2.243649,-1.158827,-1.094246
4612,JGD2000,6612,Japanese Geodetic Datum 2000,6612,9122,7019,8901,1,0,6422,1826,0,9603,0,0,0,,,,
4613,Segara,6613,Gunung Segara,6613,9122,7004,8901,1,0,6422,1897,1,9603,-403,684,41,,,,
4614,QND95,6614,Qatar National Datum 1995,6614,9122,7022,8901,1,0,6422,1840,0,9606,-119.4248,-303.65872,-11.00061,1.164298,0.174458,1.096259,3.657065
4615,Porto Santo,6615,Porto Santo 1936,6615,9122,7022,8901,1,0,6422,1888,0,9603,-499,-249,314,,,,
4616,Selvagem Grande,6616,Selvagem Grande,6616,9122,7022,8901,1,0,6422,1965,1,9603,-289,-124,60,,,,
4617,"NAD83(CSRS)",6140,NAD83 Canadian Spatial Reference System,6140,9122,7019,8901,1,0,6422,1842,1,9603,0,0,0,,,,
4618,SAD69,6618,South American Datum 1969,6618,9122,7050,8901,1,0,6422,1877,1,9603,-66.87,4.37,-38.52,,,,
4619,SWEREF99,6619,SWEREF99,6619,9122,7019,8901,1,0,6422,1879,0,9603,0,0,0,,,,
4620,Point 58,6620,Point 58,6620,9122,7012,8901,1,0,6422,1880,0,9603,-106,-129,165,,,,
4621,Fort Marigot,6621,Fort Marigot,6621,9122,7022,8901,1,0,6422,1903,0,9603,137,248,-430,,,,
4622,Guadeloupe 1948,6622,Guadeloupe 1948,6622,9122,7022,8901,1,0,6422,1904,1,9603,-467,-16,-300,,,,
4623,CSG67,6623,Centre Spatial Guyanais 1967,6623,9122,7022,8901,1,0,6422,1906,0,9603,-186,230,110,,,,
4624,RGFG95,6624,Reseau Geodesique Francais Guyane 1995,6624,9122,7019,8901,1,0,6422,4840,1,9603,0,0,0,,,,
4625,Martinique 1938,6625,Martinique 1938,6625,9122,7022,8901,1,0,6422,1909,1,9603,186,482,151,,,,
4626,Reunion 1947,6626,Reunion 1947,6626,9122,7022,8901,1,0,6422,15751,1,9603,94,-948,-1262,,,,
4627,RGR92,6627,Reseau Geodesique de la Reunion 1992,6627,9122,7019,8901,1,0,6422,1912,0,9603,0,0,0,,,,
4628,Tahiti 52,6628,Tahiti 52,6628,9122,7022,8901,1,0,6422,1924,0,9603,162,117,154,,,,
4629,Tahaa 54,6629,Tahaa 54,6629,9122,7022,8901,1,0,6422,15770,1,9607,72.438,345.918,79.486,-1.6045,-0.8823,-0.5565,1.3746
4630,IGN72 Nuku Hiva,6630,IGN72 Nuku Hiva,6630,9122,7022,8901,1,0,6422,1914,1,9603,84,274,65,,,,
4631,K0 1949,6631,K0 1949,6631,9122,7022,8901,1,1,6422,1915,0,9603,145,-187,103,,,,
4632,Combani 1950,6632,Combani 1950,6632,9122,7022,8901,1,0,6422,1916,0,9603,-382,-59,-262,,,,
4633,IGN56 Lifou,6633,IGN56 Lifou,6633,9122,7022,8901,1,0,6422,15902,1,9603,335.47,222.58,-230.94,,,,
4634,IGN72 Grand Terre,6634,IGN72 Grande Terre,6634,9108,7022,8901,1,1,6402,1918,1,9603,-13,-348,292,,,,
4635,ST87 Ouvea,6635,ST87 Ouvea,6635,9122,7022,8901,1,1,6422,1919,0,9606,-122.383,-188.696,103.344,3.5107,-4.9668,-5.7047,4.4798
4636,Petrels 1972,6636,Petrels 1972,6636,9122,7022,8901,1,0,6422,1921,0,9603,365,194,166,,,,
4637,Perroud 1950,6637,Pointe Geologie Perroud 1950,6637,9122,7022,8901,1,0,6422,1922,0,9603,325,154,172,,,,
4638,Saint Pierre et Miquelon 1950,6638,Saint Pierre et Miquelon 1950,6638,9122,7008,8901,1,0,6422,1923,0,9603,30,430,368,,,,
4639,MOP78,6639,MOP78,6639,9122,7022,8901,1,0,6422,15847,1,9603,253,-132,-127,,,,
4640,RRAF 1991,6640,Reseau de Reference des Antilles Francaises 1991,6640,9122,7030,8901,1,1,6422,1934,0,9603,0,0,0,,,,
4641,IGN53 Mare,6641,IGN53 Mare,6641,9122,7022,8901,1,0,6422,15901,1,9603,287.58,177.78,-135.41,,,,
4642,ST84 Ile des Pins,6642,ST84 Ile des Pins,6642,9122,7022,8901,1,0,6422,15848,1,9603,-13,-348,292,,,,
4643,ST71 Belep,6643,ST71 Belep,6643,9122,7022,8901,1,0,6422,1931,0,9606,-480.26,-438.32,-643.429,16.3119,20.1721,-4.0349,-111.7002
4644,NEA74 Noumea,6644,NEA74 Noumea,6644,9122,7022,8901,1,0,6422,15904,1,9603,-10.18,-350.43,291.37,,,,
4645,RGNC 1991,6645,Reseau Geodesique Nouvelle Caledonie 1991,6645,9122,7022,8901,1,1,6422,1920,0,9603,0,0,0,,,,
4646,Grand Comoros,6646,Grand Comoros,6646,9122,7022,8901,1,0,6422,5521,0,9603,-963,510,-359,,,,
4657,Reykjavik 1900,6657,Reykjavik 1900,6657,9122,7051,8901,1,0,6422,1994,0,9603,-28,199,5,,,,
4658,Hjorsey 1955,6658,Hjorsey 1955,6658,9122,7022,8901,1,0,6422,6909,1,9603,-73,47,-83,,,,
4659,ISN93,6659,Islands Net 1993,6659,9122,7019,8901,1,0,6422,1952,0,9603,0,0,0,,,,
4660,Helle 1954,6660,Helle 1954,6660,9122,7022,8901,1,0,6422,1957,0,9606,982.6087,552.753,-540.873,6.6816266,-31.6114924,-19.84816,16.805
4661,LKS92,6661,Latvia 1992,6661,9122,7019,8901,1,0,6422,1958,0,9603,0,0,0,,,,
4662,IGN72 Grande Terre,6634,IGN72 Grande Terre,6634,9122,7022,8901,1,0,6422,15903,1,9603,-11.64,-348.6,291.98,,,,
4663,Porto Santo 1995,6663,Porto Santo 1995,6663,9122,7022,8901,1,0,6422,1966,1,9603,-502.862,-247.438,312.724,,,,
4664,Azores Oriental 1995,6664,Azores Oriental Islands 1995,6664,9122,7022,8901,1,0,6422,1970,1,9603,-204.619,140.176,55.226,,,,
4665,Azores Central 1995,6665,Azores Central Islands 1995,6665,9122,7022,8901,1,0,6422,1980,1,9603,-106.226,166.366,-37.893,,,,
4666,Lisbon 1890,6666,Lisbon 1890,6666,9122,7004,8901,1,0,6422,1986,1,9603,508.088,-191.042,565.223,,,,
4667,IKBD-92,6667,Iraq-Kuwait Boundary Datum 1992,6667,9122,7030,8901,1,0,6422,1993,0,9603,0,0,0,,,,
4668,ED79,6668,European Datum 1979,6668,9122,7022,8901,1,0,6422,15752,0,9603,-86,-98,-119,,,,
4669,LKS94,6126,"Lithuania 1994 (ETRS89)",6126,9122,7019,8901,1,0,6422,1283,0,9603,0,0,0,,,,
4670,IGM95,6670,Istituto Geografico Militaire 1995,6670,9122,7030,8901,1,0,6422,1099,0,9603,0,0,0,,,,
4671,Voirol 1879,6671,Voirol 1879,6671,9122,7011,8901,1,0,6422,,0,,,,,,,,
4672,Chatham Islands 1971,6672,Chatham Islands Datum 1971,6672,9122,7022,8901,1,0,6422,1080,0,9603,175,-38,113,,,,
4673,Chatham Islands 1979,6673,Chatham Islands Datum 1979,6673,9122,7022,8901,1,0,6422,1081,0,9607,174.05,-25.49,112.57,0,0,-0.554,0.2263
4674,SIRGAS 2000,6674,Sistema de Referencia Geocentrico para las AmericaS 2000,6674,9122,7019,8901,1,0,6422,15894,0,9603,0,0,0,,,,
4675,Guam 1963,6675,Guam 1963,6675,9122,7008,8901,1,0,6422,1070,0,9603,-100,-248,259,,,,
4676,Vientiane 1982,6676,Vientiane 1982,6676,9122,7024,8901,1,0,6422,,0,,,,,,,,
4677,Lao 1993,6677,Lao 1993,6677,9122,7024,8901,1,0,6422,,0,,,,,,,,
4678,Lao 1997,6678,Lao National Datum 1997,6678,9122,7024,8901,1,0,6422,1065,0,9603,44.585,-131.212,-39.544,,,,
4679,Jouik 1961,6679,Jouik 1961,6679,9122,7012,8901,1,0,6422,15870,0,9603,-80.01,253.26,291.19,,,,
4680,Nouakchott 1965,6680,Nouakchott 1965,6680,9122,7012,8901,1,0,6422,15709,0,9603,124.5,-63.5,-281,,,,
4681,Mauritania 1999,6681,Mauritania 1999,6681,9122,7012,8901,1,1,6422,,0,,,,,,,,
4682,Gulshan 303,6682,Gulshan 303,6682,9122,7015,8901,1,0,6422,15779,1,9603,283.7,735.9,261.1,,,,
4683,PRS92,6683,Philippine Reference System 1992,6683,9122,7008,8901,1,0,6422,15708,0,9607,-127.62,-67.24,-47.04,3.068,-4.903,-1.578,-1.06
4684,Gan 1970,6684,Gan 1970,6684,9122,7022,8901,1,0,6422,15713,0,9603,-133,-321,50,,,,
4685,Gandajika,6685,Gandajika,6685,9122,7022,8901,1,1,6422,,0,,,,,,,,
4686,MAGNA-SIRGAS,6686,Marco Geocentrico Nacional de Referencia,6686,9122,7019,8901,1,0,6422,15738,0,9603,0,0,0,,,,
4687,RGPF,6687,Reseau Geodesique de la Polynesie Francaise,6687,9122,7019,8901,1,0,6422,15832,1,9607,0.072,-0.507,-0.245,0.0183,-0.0003,0.007,-0.0093
4688,Fatu Iva 72,6688,Fatu Iva 72,6688,9122,7022,8901,1,0,6422,15772,0,9607,347.103,1078.125,2623.922,33.8875,-70.6773,9.3943,186.074
4689,IGN63 Hiva Oa,6689,IGN63 Hiva Oa,6689,9122,7022,8901,1,0,6422,15773,1,9607,410.721,55.049,80.746,-2.5779,-2.3514,-0.6664,17.3311
4690,Tahiti 79,6690,Tahiti 79,6690,9122,7022,8901,1,0,6422,4835,0,9607,221.525,152.948,176.768,2.3847,1.3896,0.877,11.4741
4691,Moorea 87,6691,Moorea 87,6691,9122,7022,8901,1,0,6422,15769,0,9607,215.525,149.593,176.229,3.2624,1.692,1.1571,10.4773
4692,Maupiti 83,6692,Maupiti 83,6692,9122,7022,8901,1,0,6422,15771,0,9603,217.037,86.959,23.956,,,,
4693,Nakhl-e Ghanem,6693,Nakhl-e Ghanem,6693,9122,7030,8901,1,0,6422,15746,0,9603,0,-0.15,0.68,,,,
4694,POSGAR 94,6694,Posiciones Geodesicas Argentinas 1994,6694,9122,7030,8901,1,0,6422,1210,0,9603,0,0,0,,,,
4695,Katanga 1955,6695,Katanga 1955,6695,9122,7008,8901,1,0,6422,4066,0,9603,-103.746,-9.614,-255.95,,,,
4696,Kasai 1953,6696,Kasai 1953,6696,9122,7012,8901,1,0,6422,,0,,,,,,,,
4697,IGC 1962 6th Parallel South,6697,IGC 1962 Arc of the 6th Parallel South,6697,9122,7012,8901,1,0,6422,,0,,,,,,,,
4698,IGN 1962 Kerguelen,6698,IGN 1962 Kerguelen,6698,9122,7022,8901,1,0,6422,15850,0,9603,145,-187,103,,,,
4699,Le Pouce 1934,6699,Le Pouce 1934,6699,9122,7012,8901,1,0,6422,15784,0,9603,-770.1,158.4,-498.2,,,,
4700,IGN Astro 1960,6700,IGN Astro 1960,6700,9122,7012,8901,1,0,6422,,0,,,,,,,,
4701,IGCB 1955,6701,Institut Geographique du Congo Belge 1955,6701,9122,7012,8901,1,0,6422,15787,0,9603,-79.9,-158,-168.9,,,,
4702,Mauritania 1999,6702,Mauritania 1999,6702,9122,7019,8901,1,0,6422,15860,0,9603,0,0,0,,,,
4703,Mhast 1951,6703,Missao Hidrografico Angola y Sao Tome 1951,6703,9122,7012,8901,1,0,6422,,0,,,,,,,,
4704,"Mhast (onshore)",6704,"Mhast (onshore)",6704,9122,7022,8901,1,0,6422,,0,,,,,,,,
4705,"Mhast (offshore)",6705,"Mhast (offshore)",6705,9122,7022,8901,1,0,6422,,0,,,,,,,,
4706,Egypt Gulf of Suez S-650 TL,6706,Egypt Gulf of Suez S-650 TL,6706,9122,7020,8901,1,0,6422,15846,0,9603,-146.21,112.63,4.05,,,,
4707,Tern Island 1961,6707,Tern Island 1961,6707,9122,7022,8901,1,0,6422,15795,0,9603,114,-116,-333,,,,
4708,Cocos Islands 1965,6708,Cocos Islands 1965,6708,9122,7003,8901,1,0,6422,15794,0,9603,-491,-22,435,,,,
4709,Iwo Jima 1945,6709,Iwo Jima 1945,6709,9122,7022,8901,1,0,6422,15796,0,9603,145,75,-272,,,,
4710,Astro DOS 71,6710,Astro DOS 71,6710,9122,7022,8901,1,0,6422,15798,1,9603,-320,550,-494,,,,
4711,Marcus Island 1952,6711,Marcus Island 1952,6711,9122,7022,8901,1,0,6422,15799,0,9603,124,-234,-25,,,,
4712,Ascension Island 1958,6712,Ascension Island 1958,6712,9122,7022,8901,1,0,6422,15797,0,9603,-205,107,53,,,,
4713,Ayabelle Lighthouse,6713,Ayabelle Lighthouse,6713,9122,7012,8901,1,0,6422,6907,1,9603,-77,-128,142,,,,
4714,Bellevue,6714,Bellevue,6714,9122,7022,8901,1,0,6422,15801,0,9603,-127,-769,472,,,,
4715,Camp Area Astro,6715,Camp Area Astro,6715,9122,7022,8901,1,0,6422,15802,0,9603,-104,-129,239,,,,
4716,Phoenix Islands 1966,6716,Phoenix Islands 1966,6716,9122,7022,8901,1,0,6422,15803,0,9603,298,-304,-375,,,,
4717,Cape Canaveral,6717,Cape Canaveral,6717,9122,7008,8901,1,0,6422,15804,0,9603,-2,151,181,,,,
4718,Solomon 1968,6718,Solomon 1968,6718,9122,7022,8901,1,0,6422,15805,1,9603,230,-199,-752,,,,
4719,Easter Island 1967,6719,Easter Island 1967,6719,9122,7022,8901,1,0,6422,15806,0,9603,211,147,111,,,,
4720,Fiji 1986,6720,Fiji Geodetic Datum 1986,6720,9122,7043,8901,1,0,6422,15876,1,9606,0,0,4.5,0,0,0.554,0.2263
4721,Fiji 1956,6721,Fiji 1956,6721,9122,7022,8901,1,0,6422,15875,0,9603,265.025,384.929,-194.046,,,,
4722,South Georgia 1968,6722,South Georgia 1968,6722,9122,7022,8901,1,0,6422,15813,0,9603,-794,119,-298,,,,
4723,GCGD59,6723,Grand Cayman Geodetic Datum 1959,6723,9122,7008,8901,1,0,6422,6142,1,9607,-179.483,-69.379,-27.584,7.862,-8.163,-6.042,-13.925
4724,Diego Garcia 1969,6724,Diego Garcia 1969,6724,9122,7022,8901,1,0,6422,15808,0,9603,208,-435,-229,,,,
4725,Johnston Island 1961,6725,Johnston Island 1961,6725,9122,7022,8901,1,0,6422,15809,0,9603,189,-79,-202,,,,
4726,SIGD61,6726,Sister Islands Geodetic Datum 1961,6726,9122,7008,8901,1,0,6422,6143,1,9607,8.853,-52.644,180.304,0.393,2.323,-2.96,-24.081
4727,Midway 1961,6727,Midway 1961,6727,9122,7022,8901,1,0,6422,15818,1,9603,403,-81,277,,,,
4728,Pico de las Nieves 1984,6728,Pico de las Nieves 1984,6728,9122,7022,8901,1,0,6422,15815,0,9603,-307,-92,127,,,,
4729,Pitcairn 1967,6729,Pitcairn 1967,6729,9122,7022,8901,1,0,6422,15819,0,9603,185,165,42,,,,
4730,Santo 1965,6730,Santo 1965,6730,9122,7022,8901,1,0,6422,15820,0,9603,170,42,84,,,,
4731,Viti Levu 1916,6731,Viti Levu 1916,6731,9122,7012,8901,1,1,6422,15821,0,9603,51,391,-36,,,,
4732,Marshall Islands 1960,6732,Marshall Islands 1960,6732,9122,7053,8901,1,0,6422,15822,0,9603,102,52,-38,,,,
4733,Wake Island 1952,6733,Wake Island 1952,6733,9122,7022,8901,1,0,6422,15823,0,9603,276,-57,149,,,,
4734,Tristan 1968,6734,Tristan 1968,6734,9122,7022,8901,1,0,6422,15816,0,9603,-632,438,-609,,,,
4735,Kusaie 1951,6735,Kusaie 1951,6735,9122,7022,8901,1,0,6422,15810,0,9603,647,1777,-1124,,,,
4736,Deception Island,6736,Deception Island,6736,9122,7012,8901,1,0,6422,15812,0,9603,260,12,-147,,,,
4737,Korea 2000,6737,Geocentric datum of Korea,6737,9122,7019,8901,1,0,6422,15831,0,9603,0,0,0,,,,
4738,Hong Kong 1963,6738,Hong Kong 1963,6738,9122,7007,8901,1,0,6422,,0,,,,,,,,
4739,"Hong Kong 1963(67)",6739,"Hong Kong 1963(67)",6739,9122,7022,8901,1,0,6422,15842,0,9603,-156,-271,-189,,,,
4740,PZ-90,6740,Parametry Zemli 1990,6740,9122,7054,8901,1,0,6422,15843,1,9607,0,0,1.5,0,0,-0.076,0
4741,FD54,6741,Faroe Datum 1954,6741,9122,7022,8901,1,0,6422,,0,,,,,,,,
4742,GDM2000,6742,Geodetic Datum of Malaysia 2000,6742,9122,7019,8901,1,0,6422,,0,,,,,,,,
4743,Karbala 1979,6743,Karbala 1979,6743,9122,7012,8901,1,0,6422,5078,1,9603,70.995,-335.916,262.898,,,,
4744,Nahrwan 1934,6744,Nahrwan 1934,6744,9122,7012,8901,1,0,6422,7033,0,9603,-242.2,-144.9,370.3,,,,
4745,"RD/83",6745,"Rauenberg Datum/83",6745,9122,7004,8901,1,0,6422,,0,,,,,,,,
4746,"PD/83",6746,"Potsdam Datum/83",6746,9122,7004,8901,1,0,6422,,0,,,,,,,,
4747,GR96,6747,Greenland 1996,6747,9122,7019,8901,1,0,6422,15879,0,9603,0,0,0,,,,
4748,Vanua Levu 1915,6748,Vanua Levu 1915,6748,9122,7055,8901,1,0,6422,15878,0,9603,51,391,-36,,,,
4749,RGNC91-93,6749,Reseau Geodesique de Nouvelle Caledonie 91-93,6749,9122,7019,8901,1,0,6422,15880,0,9603,0,0,0,,,,
4750,ST87 Ouvea,6750,ST87 Ouvea,6750,9122,7030,8901,1,0,6422,15881,0,9603,-56.263,16.136,-22.856,,,,
4751,"Kertau (RSO)",6751,"Kertau (RSO)",6751,9122,7056,8901,1,0,6422,,0,,,,,,,,
4752,Viti Levu 1912,6752,Viti Levu 1912,6752,9122,7055,8901,1,0,6422,6895,1,9603,98,390,-22,,,,
4753,fk89,6753,fk89,6753,9122,7022,8901,1,0,6422,,0,,,,,,,,
4754,LGD2006,6754,Libyan Geodetic Datum 2006,6754,9122,7022,8901,1,0,6422,15908,0,9603,-208.4058,-109.8777,-2.5764,,,,
4755,DGN95,6755,Datum Geodesi Nasional 1995,6755,9122,7030,8901,1,0,6422,15912,0,9603,0,0,0,,,,
4756,VN-2000,6756,Vietnam 2000,6756,9122,7030,8901,1,0,6422,6960,1,9607,-191.90441429,-39.30318279,-111.45032835,-0.00928836,0.01975479,-0.00427372,0.252906278
4757,SVY21,6757,SVY21,6757,9122,7030,8901,1,0,6422,,0,,,,,,,,
4758,JAD2001,6758,Jamaica 2001,6758,9122,7030,8901,1,0,6422,15925,0,9603,0,0,0,,,,
4759,"NAD83(NSRS2007)",6759,"NAD83 (National Spatial Reference System 2007)",6759,9122,7019,8901,1,0,6422,15931,0,9603,0,0,0,,,,
4760,WGS 66,6760,World Geodetic System 1966,6760,9122,7025,8901,1,0,6422,,0,,,,,,,,
4761,HTRS96,6761,Croatian Terrestrial Reference System,6761,9122,7019,8901,1,0,6422,15967,0,9603,0,0,0,,,,
4762,BDA2000,6762,Bermuda 2000,6762,9122,7030,8901,1,0,6422,15971,0,9603,0,0,0,,,,
4763,Pitcairn 2006,6763,Pitcairn 2006,6763,9122,7030,8901,1,0,6422,15972,0,9603,0,0,0,,,,
4764,RSRGD2000,6764,Ross Sea Region Geodetic Datum 2000,6764,9122,7019,8901,1,0,6422,15974,0,9603,0,0,0,,,,
4765,Slovenia 1996,6765,Slovenia Geodetic Datum 1996,6765,9122,7019,8901,1,0,6422,15976,0,9603,0,0,0,,,,
4801,"Bern 1898 (Bern)",6801,"CH1903 (Bern)",6149,9122,7004,8907,1,0,6422,1510,1,9603,674.374,15.056,405.346,,,,
4802,"Bogota 1975 (Bogota)",6802,"Bogota 1975 (Bogota)",6218,9122,7022,8904,1,0,6422,1125,1,9603,307,304,-318,,,,
4803,"Lisbon (Lisbon)",6803,"Lisbon 1937 (Lisbon)",6207,9122,7022,8902,1,0,6422,1984,1,9603,-304.046,-60.576,103.64,,,,
4804,"Makassar (Jakarta)",6804,"Makassar (Jakarta)",6257,9122,7004,8908,1,0,6422,1837,0,9603,-587.8,519.75,145.76,,,,
4805,"MGI (Ferro)",6805,"Militar-Geographische Institut (Ferro)",1031,9122,7004,8909,1,0,6422,3962,1,9603,682,-203,480,,,,
4806,"Monte Mario (Rome)",6806,"Monte Mario (Rome)",6265,9122,7022,8906,1,0,6422,1660,1,9606,-104.1,-49.1,-9.9,0.971,-2.917,0.714,-11.68
4807,"NTF (Paris)",6807,"Nouvelle Triangulation Francaise (Paris)",6275,9105,7011,8903,1,0,6403,1193,0,9603,-168,-60,320,,,,
4808,"Padang (Jakarta)",6808,"Padang 1884 (Jakarta)",6280,9122,7004,8908,1,0,6422,,0,,,,,,,,
4809,"Belge 1950 (Brussels)",6809,"Reseau National Belge 1950 (Brussels)",6215,9122,7022,8910,1,0,6422,,0,,,,,,,,
4810,"Tananarive (Paris)",6810,"Tananarive 1925 (Paris)",6297,9105,7022,8903,1,0,6403,1227,1,9603,-189,-242,-91,,,,
4811,"Voirol 1875 (Paris)",6811,"Voirol 1875 (Paris)",6304,9105,7011,8903,1,0,6403,1294,0,9603,-73,-247,227,,,,
4813,"Batavia (Jakarta)",6813,"Batavia (Jakarta)",6211,9122,7004,8908,1,0,6422,1123,1,9603,-377,681,-50,,,,
4814,"RT38 (Stockholm)",6814,"Stockholm 1938 (Stockholm)",6308,9122,7004,8911,1,0,6422,,0,,,,,,,,
4815,"Greek (Athens)",6815,"Greek (Athens)",6120,9122,7004,8912,1,0,6422,,0,,,,,,,,
4816,"Carthage (Paris)",6816,"Carthage (Paris)",6223,9105,7011,8903,1,0,6403,1130,1,9603,-263,6,431,,,,
4817,"NGO 1948 (Oslo)",6817,"NGO 1948 (Oslo)",6273,9122,7005,8913,1,0,6422,1654,0,9606,278.3,93,474.5,7.889,0.05,-6.61,6.21
4818,"S-JTSK (Ferro)",6818,"System Jednotne Trigonometricke Site Katastralni (Ferro)",6156,9122,7004,8909,1,0,6422,15965,1,9603,589,76,480,,,,
4819,"Nord Sahara 1959 (Paris)",6819,"Nord Sahara 1959 (Paris)",6307,9105,7012,8903,1,1,6403,5660,1,9606,-209.3622,-87.8162,404.6198,0.0046,3.4784,0.5805,-1.4547
4820,"Segara (Jakarta)",6820,"Gunung Segara (Jakarta)",6613,9122,7004,8908,1,0,6422,1897,1,9603,-403,684,41,,,,
4821,"Voirol 1879 (Paris)",6821,"Voirol 1879 (Paris)",6821,9105,7011,8903,1,0,6403,,0,,,,,,,,
4823,Sao Tome,1044,Sao Tome,1044,9122,7022,8901,1,0,6422,,0,,,,,,,,
4824,Principe,1046,Principe,1046,9122,7022,8901,1,0,6422,,0,,,,,,,,
4901,"ATF (Paris)",6901,"Ancienne Triangulation Francaise (Paris)",6901,9105,7027,8914,1,0,6403,,0,,,,,,,,
4902,"NDG (Paris)",6902,"Nord de Guerre (Paris)",6902,9105,7027,8903,1,1,6403,,0,,,,,,,,
4903,"Madrid 1870 (Madrid)",6903,"Madrid 1870 (Madrid)",6903,9122,7028,8905,1,0,6422,,0,,,,,,,,
4904,"Lisbon 1890 (Lisbon)",6904,"Lisbon 1890 (Lisbon)",6666,9122,7004,8902,1,0,6422,1986,1,9603,508.088,-191.042,565.223,,,,
5013,PTRA08,1041,Autonomous Regions of Portugal 2008,1041,9122,7019,8901,1,0,6422,4905,0,9603,0,0,0,,,,
5132,Tokyo 1892,1048,Tokyo 1892,6162,9122,7004,8901,1,0,6422,,0,,,,,,,,
5228,"S-JTSK/05",1052,"System Jednotne Trigonometricke Site Katastralni/05",1052,9122,7004,8901,1,0,6422,5227,0,9607,572.213,85.334,461.94,-4.9732,-1.529,-5.2484,3.5378
5229,"S-JTSK/05 (Ferro)",1055,"System Jednotne Trigonometricke Site Katastralni/05 (Ferro)",1052,9122,7004,8909,1,0,6422,5227,0,9607,572.213,85.334,461.94,-4.9732,-1.529,-5.2484,3.5378
5233,SLD99,1053,Sri Lanka Datum 1999,1053,9122,7015,8901,1,0,6422,5236,0,9607,-0.293,766.95,87.713,-0.195704,-1.695068,-3.473016,-0.039338
5246,GDBD2009,1056,Geocentric Datum Brunei Darussalam 2009,1056,9122,7019,8901,1,0,6422,6701,0,9603,0,0,0,,,,
5252,TUREF,1057,Turkish National Reference Frame,1057,9122,7019,8901,1,0,6422,5261,0,9603,0,0,0,,,,
5264,DRUKREF 03,1058,Bhutan National Geodetic Datum,1058,9122,7019,8901,1,0,6422,5267,0,9603,0,0,0,,,,
5324,ISN2004,1060,Islands Net 2004,1060,9122,7019,8901,1,0,6422,5327,0,9603,0,0,0,,,,
5340,POSGAR 2007,1062,Posiciones Geodesicas Argentinas 2007,1062,9122,7019,8901,1,0,6422,5351,0,9603,0,0,0,,,,
5354,MARGEN,1063,Marco Geodesico Nacional de Bolivia,1063,9122,7019,8901,1,0,6422,5374,0,9603,0,0,0,,,,
5360,SIRGAS-Chile,1064,SIRGAS-Chile,1064,9122,7019,8901,1,0,6422,5375,0,9603,0,0,0,,,,
5365,CR05,1065,Costa Rica 2005,1065,9122,7030,8901,1,0,6422,5376,0,9603,0,0,0,,,,
5371,MACARIO SOLIS,1066,Sistema Geodesico Nacional de Panama MACARIO SOLIS,1066,9122,7019,8901,1,0,6422,5377,0,9603,0,0,0,,,,
5373,Peru96,1067,Peru96,1067,9122,7019,8901,1,0,6422,5378,0,9603,0,0,0,,,,
5381,SIRGAS-ROU98,1068,SIRGAS-ROU98,1068,9122,7030,8901,1,0,6422,5384,0,9603,0,0,0,,,,
5393,"SIRGAS_ES2007.8",1069,"SIRGAS_ES2007.8",1069,9122,7019,8901,1,0,6422,5395,0,9603,0,0,0,,,,
5451,Ocotepeque 1935,1070,Ocotepeque 1935,1070,9122,7008,8901,1,0,6422,6891,1,9603,205,96,-98,,,,
5464,Sibun Gorge 1922,1071,Sibun Gorge 1922,1071,9122,7007,8901,1,0,6422,,0,,,,,,,,
5467,Panama-Colon 1911,1072,Panama-Colon 1911,1072,9122,7008,8901,1,0,6422,,0,,,,,,,,
5489,RGAF09,1073,Reseau Geodesique des Antilles Francaises 2009,1073,9122,7019,8901,1,0,6422,5501,0,9603,0,0,0,,,,
5524,Corrego Alegre 1961,1074,Corrego Alegre 1961,1074,9122,7022,8901,1,0,6422,,0,,,,,,,,
5527,"SAD69(96)",1075,"South American Datum 1969(96)",1075,9122,7050,8901,1,0,6422,6195,0,9603,-67.35,3.88,-38.22,,,,
5546,PNG94,1076,Papua New Guinea Geodetic Datum 1994,1076,9122,7019,8901,1,0,6422,5553,0,9603,0,0,0,,,,
5561,UCS-2000,1077,Ukraine 2000,1077,9122,7024,8901,1,0,6422,5590,1,9607,25,-141,-78.5,0,-0.35,-0.736,0
5593,FEH2010,1078,Fehmarnbelt Datum 2010,1078,9122,7019,8901,1,0,6422,5599,0,9603,0,0,0,,,,
5681,"DB_REF",1081,Deutsche Bahn Reference System,1081,9122,7004,8901,1,0,6422,,0,,,,,,,,
5886,TGD2005,1095,Tonga Geodetic Datum 2005,1095,9122,7019,8901,1,0,6422,,0,,,,,,,,
6135,CIGD11,1100,Cayman Islands Geodetic Datum 2011,1100,9122,7019,8901,1,0,6422,6177,0,9603,0,0,0,,,,
6207,Nepal 1981,1111,Nepal 1981,1111,9122,7015,8901,1,0,6422,6208,0,9603,293.17,726.18,245.36,,,,
6311,CGRS93,1112,Cyprus Geodetic Reference System 1993,1112,9122,7030,8901,1,0,6422,7721,1,9607,8.846,-4.394,-1.122,0.00237,0.146528,-0.130428,0.783926
6318,"NAD83(2011)",1116,"NAD83 (National Spatial Reference System 2011)",1116,9122,7019,8901,1,0,6422,,0,,,,,,,,
6322,"NAD83(PA11)",1117,"NAD83 (National Spatial Reference System PA11)",1117,9122,7019,8901,1,0,6422,,0,,,,,,,,
6325,"NAD83(MA11)",1118,"NAD83 (National Spatial Reference System MA11)",1118,9122,7019,8901,1,0,6422,,0,,,,,,,,
6365,Mexico ITRF2008,1120,Mexico ITRF2008,1120,9122,7019,8901,1,0,6422,6373,0,9603,0,0,0,,,,
6668,JGD2011,1128,Japanese Geodetic Datum 2011,1128,9122,7019,8901,1,0,6422,,0,,,,,,,,
6706,RDN2008,1132,Rete Dinamica Nazionale 2008,1132,9122,7019,8901,1,0,6422,6711,0,9603,0,0,0,,,,
6783,"NAD83(CORS96)",1133,"NAD83 (Continuously Operating Reference Station 1996)",1133,9122,7019,8901,1,0,6422,,0,,,,,,,,
6881,Aden 1925,1135,Aden 1925,1135,9122,7012,8901,1,0,6422,6910,0,9603,-24,-203,268,,,,
6882,Bekaa Valley 1920,1137,Bekaa Valley 1920,1137,9122,7012,8901,1,0,6422,6911,0,9603,-183,-15,273,,,,
6883,Bioko,1136,Bioko,1136,9122,7022,8901,1,0,6422,6912,0,9603,-235,-110,393,,,,
6892,South East Island 1943,1138,South East Island 1943,1138,9122,7012,8901,1,0,6422,6914,1,9603,-43.685,-179.785,-267.721,,,,
6894,Gambia,1139,Gambia,1139,9122,7012,8901,1,0,6422,6913,0,9603,-63,176,185,,,,
6980,IGD05,1143,Israeli Geodetic Datum 2005,1143,9122,7019,8901,1,1,6422,,0,,,,,,,,
6983,IG05 Intermediate CRS,1142,IG05 Intermediate Datum,1142,9122,7019,8901,1,0,6422,,0,,,,,,,,
6987,"IGD05/12",1145,"Israeli Geodetic Datum 2005(2012)",1145,9122,7019,8901,1,1,6422,,0,,,,,,,,
6990,"IG05/12 Intermediate CRS",1144,"IG05/12 Intermediate Datum",1144,9122,7019,8901,1,0,6422,,0,,,,,,,,
7035,"RGSPM06 (lon-lat)",1038,Reseau Geodesique de Saint Pierre et Miquelon 2006,1038,9122,7019,8901,1,0,6424,,0,,,,,,,,
7037,"RGR92 (lon-lat)",6627,Reseau Geodesique de la Reunion 1992,6627,9122,7019,8901,1,0,6424,,0,,,,,,,,
7039,"RGM04 (lon-lat)",1036,Reseau Geodesique de Mayotte 2004,1036,9122,7019,8901,1,0,6424,,0,,,,,,,,
7041,"RGFG95 (lon-lat)",6624,Reseau Geodesique Francais Guyane 1995,6624,9122,7019,8901,1,0,6424,,0,,,,,,,,
7073,RGTAAF07,1113,Reseau Geodesique des Terres Australes et Antarctiques Francaises 2007,1113,9122,7019,8901,1,0,6422,,0,,,,,,,,
7084,"RGF93 (lon-lat)",6171,Reseau Geodesique Francais 1993,6171,9122,7019,8901,1,0,6424,,0,,,,,,,,
7086,"RGAF09 (lon-lat)",1073,Reseau Geodesique des Antilles Francaises 2009,1073,9122,7019,8901,1,0,6424,,0,,,,,,,,
7088,"RGTAAF07 (lon-lat)",1113,Reseau Geodesique des Terres Australes et Antarctiques Francaises 2007,1113,9122,7019,8901,1,1,6424,,0,,,,,,,,
7133,"RGTAAF07 (lon-lat)",1113,Reseau Geodesique des Terres Australes et Antarctiques Francaises 2007,1113,9122,7019,8901,1,0,6424,,0,,,,,,,,
7136,IGD05,1114,Israeli Geodetic Datum 2005,1114,9122,7030,8901,1,0,6422,,0,,,,,,,,
7139,"IGD05/12",1115,"Israeli Geodetic Datum 2005(2012)",1115,9122,7030,8901,1,0,6422,,0,,,,,,,,
7373,ONGD14,1147,Oman National Geodetic Datum 2014,1147,9122,7019,8901,1,0,6422,7443,0,9603,0,0,0,,,,
7683,GSK-2011,1159,Geodezicheskaya Sistema Koordinat 2011,1159,9122,1025,8901,1,0,6422,,0,,,,,,,,
7686,Kyrg-06,1160,Kyrgyzstan Geodetic Datum 2006,1160,9122,7019,8901,1,0,6422,,0,,,,,,,,
7798,BGS2005,1167,Bulgaria Geodetic System 2005,1167,9122,7019,8901,1,0,6422,,0,,,,,,,,
7844,GDA2020,1168,Geocentric Datum of Australia 2020,1168,9122,7019,8901,1,0,6422,,0,,,,,,,,
7881,St. Helena Tritan,1173,St. Helena Tritan,1173,9122,7030,8901,1,0,6422,7898,0,9603,-0.077,0.079,0.086,,,,
7886,SHGD2015,1174,St. Helena Geodetic Datum 2015,1174,9122,7019,8901,1,0,6422,7892,0,9603,0,0,0,,,,
